tipo,discriminacao,url,formato,url_norm,domain,is_pdf,expected_content_type,parser_hint,priority_bucket
Leis e Legislação,"LEI Nº 11.340, DE 7 DE AGOSTO DE 2006",http://www.planalto.gov.br/ccivil_03/_ato2004-2006/2006/lei/l11340.htm,html,http://www.planalto.gov.br/ccivil_03/_ato2004-2006/2006/lei/l11340.htm,www.planalto.gov.br,False,text/html,html_lexis_planaltobr,A
Leis e Legislação,"LEI No 10.778, DE 24 DE NOVEMBRO DE 2003",https://www.planalto.gov.br/ccivil_03/LEIS/2003/L10.778.htm,html,https://www.planalto.gov.br/ccivil_03/LEIS/2003/L10.778.htm,www.planalto.gov.br,False,text/html,html_lexis_planaltobr,A
Leis e Legislação,"LEI Nº 14.149, DE 5 DE MAIO DE 2021",http://www.planalto.gov.br/ccivil_03/_Ato2019-2022/2021/Lei/L14149.htm#art3,html,http://www.planalto.gov.br/ccivil_03/_Ato2019-2022/2021/Lei/L14149.htm,www.planalto.gov.br,False,text/html,html_lexis_planaltobr,A
Leis e Legislação,"LEI Nº 12.650, DE 17 DE MAIO DE 2012.",https://www.planalto.gov.br/ccivil_03/_ato2011-2014/2012/lei/l12650.htm,html,https://www.planalto.gov.br/ccivil_03/_ato2011-2014/2012/lei/l12650.htm,www.planalto.gov.br,False,text/html,html_lexis_planaltobr,A
Leis e Legislação,"LEI Nº 12.845, DE 1º DE AGOSTO DE 2013.",https://www.planalto.gov.br/ccivil_03/_ato2011-2014/2013/lei/l12845.htm,html,https://www.planalto.gov.br/ccivil_03/_ato2011-2014/2013/lei/l12845.htm,www.planalto.gov.br,False,text/html,html_lexis_planaltobr,A
Leis e Legislação,"LEI Nº 13.104, DE 9 DE MARÇO DE 2015.",https://www.planalto.gov.br/ccivil_03/_ato2015-2018/2015/lei/l13104.htm,html,https://www.planalto.gov.br/ccivil_03/_ato2015-2018/2015/lei/l13104.htm,www.planalto.gov.br,False,text/html,html_lexis_planaltobr,A
Leis e Legislação,"LEI Nº 13.718, DE 24 DE SETEMBRO DE 2018.",https://www.planalto.gov.br/ccivil_03/_ato2015-2018/2018/lei/L13718.htm,html,https://www.planalto.gov.br/ccivil_03/_ato2015-2018/2018/lei/L13718.htm,www.planalto.gov.br,False,text/html,html_lexis_planaltobr,A
Leis e Legislação,"LEI Nº 13.772, DE 19 DE DEZEMBRO DE 2018.",https://www.planalto.gov.br/ccivil_03/_ato2015-2018/2018/lei/l13772.htm,html,https://www.planalto.gov.br/ccivil_03/_ato2015-2018/2018/lei/l13772.htm,www.planalto.gov.br,False,text/html,html_lexis_planaltobr,A
Leis e Legislação,"LEI Nº 14.245, DE 22 DE NOVEMBRO DE 2021",https://www.planalto.gov.br/ccivil_03/_ato2019-2022/2021/lei/l14245.htm,html,https://www.planalto.gov.br/ccivil_03/_ato2019-2022/2021/lei/l14245.htm,www.planalto.gov.br,False,text/html,html_lexis_planaltobr,A
Leis e Legislação,"LEI Nº 14.132, DE 31 DE MARÇO DE 2021",https://www.planalto.gov.br/ccivil_03/_ato2019-2022/2021/lei/l14132.htm,html,https://www.planalto.gov.br/ccivil_03/_ato2019-2022/2021/lei/l14132.htm,www.planalto.gov.br,False,text/html,html_lexis_planaltobr,A
Leis e Legislação,"LEI Nº 14.192, DE 4 DE AGOSTO DE 2021",https://www.planalto.gov.br/ccivil_03/_ato2019-2022/2021/lei/L14192.htm,html,https://www.planalto.gov.br/ccivil_03/_ato2019-2022/2021/lei/L14192.htm,www.planalto.gov.br,False,text/html,html_lexis_planaltobr,A
Leis e Legislação,"DECRETO Nº 7.958, DE 13 DE MARÇO DE 2013",https://www.planalto.gov.br/ccivil_03/_ato2011-2014/2013/decreto/d7958.htm,html,https://www.planalto.gov.br/ccivil_03/_ato2011-2014/2013/decreto/d7958.htm,www.planalto.gov.br,False,text/html,html_lexis_planaltobr,A
Leis e Legislação,"LEI Nº 13.931, DE 10 DE DEZEMBRO DE 2019",https://www.planalto.gov.br/ccivil_03/_ato2019-2022/2019/lei/l13931.htm,html,https://www.planalto.gov.br/ccivil_03/_ato2019-2022/2019/lei/l13931.htm,www.planalto.gov.br,False,text/html,html_lexis_planaltobr,A
Leis e Legislação,"LEI Nº 13.882, DE 8 DE OUTUBRO DE 2019",https://www.planalto.gov.br/ccivil_03/_ato2019-2022/2019/lei/l13882.htm,html,https://www.planalto.gov.br/ccivil_03/_ato2019-2022/2019/lei/l13882.htm,www.planalto.gov.br,False,text/html,html_lexis_planaltobr,A
Leis e Legislação,"LEI Nº 14.188, DE 28 DE JULHO DE 2021",https://www.planalto.gov.br/ccivil_03/_ato2019-2022/2021/lei/l14188.htm,html,https://www.planalto.gov.br/ccivil_03/_ato2019-2022/2021/lei/l14188.htm,www.planalto.gov.br,False,text/html,html_lexis_planaltobr,A
Leis e Legislação,"LEI Nº 14.310, DE 8 DE MARÇO DE 2022",https://www.planalto.gov.br/ccivil_03/_ato2019-2022/2022/lei/l14310.htm,html,https://www.planalto.gov.br/ccivil_03/_ato2019-2022/2022/lei/l14310.htm,www.planalto.gov.br,False,text/html,html_lexis_planaltobr,A
Leis e Legislação,"LEI Nº 14.899, DE 17 DE JUNHO DE 2024",https://www.planalto.gov.br/ccivil_03/_ato2023-2026/2024/lei/l14899.htm,html,https://www.planalto.gov.br/ccivil_03/_ato2023-2026/2024/lei/l14899.htm,www.planalto.gov.br,False,text/html,html_lexis_planaltobr,A
Leis e Legislação,"LEI Nº 14.994, DE 9 DE OUTUBRO DE 2024",https://www.planalto.gov.br/ccivil_03/_ato2023-2026/2024/lei/l14994.htm,html,https://www.planalto.gov.br/ccivil_03/_ato2023-2026/2024/lei/l14994.htm,www.planalto.gov.br,False,text/html,html_lexis_planaltobr,A
Leis e Legislação,"LEI Nº 14.540, DE 3 DE ABRIL DE 2023",https://www.planalto.gov.br/ccivil_03/_ato2023-2026/2023/lei/l14540.htm,html,https://www.planalto.gov.br/ccivil_03/_ato2023-2026/2023/lei/l14540.htm,www.planalto.gov.br,False,text/html,html_lexis_planaltobr,A
Leis e Legislação,"LEI Nº 14.786, DE 28 DE DEZEMBRO DE 2023",https://www.planalto.gov.br/ccivil_03/_ato2023-2026/2023/lei/l14786.htm,html,https://www.planalto.gov.br/ccivil_03/_ato2023-2026/2023/lei/l14786.htm,www.planalto.gov.br,False,text/html,html_lexis_planaltobr,A
Leis e Legislação,"LEI Nº 14.713, DE 30 DE OUTUBRO DE 2023",https://www.planalto.gov.br/ccivil_03/_ato2023-2026/2023/lei/l14713.htm,html,https://www.planalto.gov.br/ccivil_03/_ato2023-2026/2023/lei/l14713.htm,www.planalto.gov.br,False,text/html,html_lexis_planaltobr,A
Leis e Legislação,"LEI Nº 14.847, DE 25 DE ABRIL DE 2024",https://www.planalto.gov.br/ccivil_03/_ato2023-2026/2024/lei/L14847.htm,html,https://www.planalto.gov.br/ccivil_03/_ato2023-2026/2024/lei/L14847.htm,www.planalto.gov.br,False,text/html,html_lexis_planaltobr,A
Leis e Legislação,"Regulamenta o Protocolo relativo à investigação de
crimes de violência doméstica",https://www.pjc.mt.gov.br/documents/18244709/69710255/RESOLU%C3%87%C3%83O%20116.pdf/0659523e-8177-f92e-a560-f030518db6b5,pdf,https://www.pjc.mt.gov.br/documents/18244709/69710255/RESOLU%C3%87%C3%83O%20116.pdf/0659523e-8177-f92e-a560-f030518db6b5,www.pjc.mt.gov.br,True,application/pdf,pdf_text_pymupdf,B
Artigo,"Direitos, responsabilidades e serviços para enfrentar a violência Direitos, responsabilidades e serviços para enfrentar a violência",https://dossies.agenciapatriciagalvao.org.br/violencia/violencias/acoes-direitos-e-servicos-para-enfrentar-a-violencia/,html,https://dossies.agenciapatriciagalvao.org.br/violencia/violencias/acoes-direitos-e-servicos-para-enfrentar-a-violencia,dossies.agenciapatriciagalvao.org.br,False,text/html,html_readability,C
Publicação,PROTEÇÃO DA MULHER - Jurisprudência do STF e Bibliografia Temática,https://www.stf.jus.br/arquivo/cms/publicacaoPublicacaoTematica/anexo/protecao_da_mulher.pdf,pdf,https://www.stf.jus.br/arquivo/cms/publicacaoPublicacaoTematica/anexo/protecao_da_mulher.pdf,www.stf.jus.br,True,application/pdf,pdf_text_pymupdf,B
Artigo,"VIOLÊNCIA CONTRA A MULHER: PROBLEMATIZANDO DEFINIÇÕES TEÓRICAS, FILOSÓFICAS E JURÍDICAS",https://www.scielo.br/j/psoc/a/Dr7bvbkMvcYSTwdHDpdYhfn/?lang=pt,html,https://www.scielo.br/j/psoc/a/Dr7bvbkMvcYSTwdHDpdYhfn?lang=pt,www.scielo.br,False,text/html,html_readability,C
Artigo,STF julgará se Lei Maria da Penha alcança casos sem vínculo doméstico,https://www.conjur.com.br/2025-set-08/stf-julgara-se-lei-maria-da-penha-alcanca-casos-sem-vinculo-domestico/,html,https://www.conjur.com.br/2025-set-08/stf-julgara-se-lei-maria-da-penha-alcanca-casos-sem-vinculo-domestico,www.conjur.com.br,False,text/html,html_readability,C
Artigo,Participação ativa da vítima como sujeito processual em casos de violência doméstica contra mulher,https://www.conjur.com.br/2025-jan-28/a-participacao-ativa-da-vitima-como-sujeito-processual-em-casos-de-violencia-domestica-contra-a-mulher/,html,https://www.conjur.com.br/2025-jan-28/a-participacao-ativa-da-vitima-como-sujeito-processual-em-casos-de-violencia-domestica-contra-a-mulher,www.conjur.com.br,False,text/html,html_readability,C
Artigo,Dos parâmetros do formulário de avaliação de risco no atendimento de mulheres em situação de violência,https://www.conjur.com.br/2025-ago-23/a-centralidade-dos-parametros-do-formulario-nacional-de-avaliacao-de-risco-no-atendimento-de-mulheres-em-situacao-de-violencia/,html,https://www.conjur.com.br/2025-ago-23/a-centralidade-dos-parametros-do-formulario-nacional-de-avaliacao-de-risco-no-atendimento-de-mulheres-em-situacao-de-violencia,www.conjur.com.br,False,text/html,html_readability,C
Artigo,Violência psicológica: cifra oculta da criminalidade doméstica e de gênero,https://www.conjur.com.br/2024-jun-27/impacto-da-violencia-psicologica-para-cifra-oculta-da-criminalidade-nos-casos-de-violencia-domestica-e-de-genero/,html,https://www.conjur.com.br/2024-jun-27/impacto-da-violencia-psicologica-para-cifra-oculta-da-criminalidade-nos-casos-de-violencia-domestica-e-de-genero,www.conjur.com.br,False,text/html,html_readability,C
Artigo,O que implica a devida diligência na violência doméstica?,https://criminalplayer.com.br/artigo-conjur-o-que-implica-a-devida-diligencia-na-violencia-domestica/,html,https://criminalplayer.com.br/artigo-conjur-o-que-implica-a-devida-diligencia-na-violencia-domestica,criminalplayer.com.br,False,text/html,html_readability,C
Artigo,Pode a vítima de violência doméstica falar?,https://www.conjur.com.br/2024-abr-25/pode-a-vitima-de-violencia-domestica-falar/,html,https://www.conjur.com.br/2024-abr-25/pode-a-vitima-de-violencia-domestica-falar,www.conjur.com.br,False,text/html,html_readability,C
Artigo,Violência contra mulher: ‘psiquiatrização’ do agressor ou tese de defesa,https://agenciapatriciagalvao.org.br/violencia/violencia-domestica/violencia-contra-mulher-psiquiatrizacao-do-agressor-ou-tese-de-defesa-por-thaiane-de-almeida-fernandes/,html,https://agenciapatriciagalvao.org.br/violencia/violencia-domestica/violencia-contra-mulher-psiquiatrizacao-do-agressor-ou-tese-de-defesa-por-thaiane-de-almeida-fernandes,agenciapatriciagalvao.org.br,False,text/html,html_readability,C
Artigo,"Se crime é contra mulher, Lei Maria da Penha prevalece sobre estatutos, define STJ",https://www.conjur.com.br/2025-fev-06/se-crime-e-contra-mulher-lei-maria-da-penha-prevalece-sobre-estatutos-define-stj/,html,https://www.conjur.com.br/2025-fev-06/se-crime-e-contra-mulher-lei-maria-da-penha-prevalece-sobre-estatutos-define-stj,www.conjur.com.br,False,text/html,html_readability,C
Artigo,AS LESÕES CORPORAIS EM SEDE DE VIOLÊNCIA DOMÉSTICA E A PROBLEMÁTICA DA COMPROVAÇÃO POR MEIO DE FOTOGRAFIAS,https://amdepol.org/sindepo/2022/11/as-lesoes-corporais-em-sede-de-violencia-domestica-e-a-problematica-da-comprovacao-por-meio-de-fotografias/,html,https://amdepol.org/sindepo/2022/11/as-lesoes-corporais-em-sede-de-violencia-domestica-e-a-problematica-da-comprovacao-por-meio-de-fotografias,amdepol.org,False,text/html,html_readability,C
Artigo,"A medida protetiva pode ser aplicada mesmo sem pedido (requerimento) da vítima ou contra a sua vontade, na violência de gênero no âmbito doméstico ou familiar?",https://amdepol.org/sindepo/2023/11/a-medida-protetiva-pode-ser-aplicada-mesmo-sem-pedido-requerimento-da-vitima-ou-contra-a-sua-vontade-na-violencia-de-genero-no-ambito-domestico-ou-familiar/,html,https://amdepol.org/sindepo/2023/11/a-medida-protetiva-pode-ser-aplicada-mesmo-sem-pedido-requerimento-da-vitima-ou-contra-a-sua-vontade-na-violencia-de-genero-no-ambito-domestico-ou-familiar,amdepol.org,False,text/html,html_readability,C
Artigo,MEDIDAS PROTETIVAS DE URGÊNCIA E A LEI 14.550/23: UMA VISÃO CRÍTICA,https://amdepol.org/sindepo/2023/05/medidas-protetivas-de-urgencia-e-a-lei-14-550-23-uma-visao-critica/,html,https://amdepol.org/sindepo/2023/05/medidas-protetivas-de-urgencia-e-a-lei-14-550-23-uma-visao-critica,amdepol.org,False,text/html,html_readability,C
Artigo,PROVA DO CRIME DE VIOLÊNCIA PSICOLÓGICA,https://amdepol.org/sindepo/2023/01/prova-do-crime-de-violencia-psicologica/,html,https://amdepol.org/sindepo/2023/01/prova-do-crime-de-violencia-psicologica,amdepol.org,False,text/html,html_readability,C
Artigo,A comunicação compulsória realizada pelos serviços de saúde em casos suspeitos de violência doméstica e familiar contra mulher e o sigilo profissional médico,https://amdepol.org/sindepo/2020/11/a-comunicacao-compulsoria-realizada-pelos-servicos-de-saude-em-casos-suspeitos-de-violencia-domestica-e-familiar-contra-a-mulher-e-o-sigilo-profissional-medico/,html,https://amdepol.org/sindepo/2020/11/a-comunicacao-compulsoria-realizada-pelos-servicos-de-saude-em-casos-suspeitos-de-violencia-domestica-e-familiar-contra-a-mulher-e-o-sigilo-profissional-medico,amdepol.org,False,text/html,html_readability,C
Artigo,Violação da intimidade como violência doméstica contra a mulher e o novo crime de registro não autorizado da intimidade sexual,https://amdepol.org/sindepo/2019/02/violacao-da-intimidade-como-violencia-domestica-contra-a-mulher-e-o-novo-crime-de-registro-nao-autorizado-da-intimidade-sexual/,html,https://amdepol.org/sindepo/2019/02/violacao-da-intimidade-como-violencia-domestica-contra-a-mulher-e-o-novo-crime-de-registro-nao-autorizado-da-intimidade-sexual,amdepol.org,False,text/html,html_readability,C
Artigo,As implicações da nova Lei nº 13.827/2019 – Aplicação das Medidas Protetivas no âmbito da Lei Maria da Penha por Delegado de Polícia ou por policiais,https://amdepol.org/sindepo/2019/05/as-implicacoes-da-nova-lei-no-13-827-2019-aplicacao-das-medidas-protetivas-no-ambito-da-lei-maria-da-penha-por-delegado-de-policia-ou-por-policiais/,html,https://amdepol.org/sindepo/2019/05/as-implicacoes-da-nova-lei-no-13-827-2019-aplicacao-das-medidas-protetivas-no-ambito-da-lei-maria-da-penha-por-delegado-de-policia-ou-por-policiais,amdepol.org,False,text/html,html_readability,C
Artigo,Porte e posse de arma de fogo e violência doméstica contra a mulher – Leis 13.880/19 e 13.882/19,https://amdepol.org/sindepo/2019/10/porte-e-posse-de-arma-de-fogo-e-violencia-domestica-contra-a-mulher-leis-13-880-19-e-13-882-19/,html,https://amdepol.org/sindepo/2019/10/porte-e-posse-de-arma-de-fogo-e-violencia-domestica-contra-a-mulher-leis-13-880-19-e-13-882-19,amdepol.org,False,text/html,html_readability,C
Artigo,Violência doméstica e pena criminal,https://www.conjur.com.br/2022-nov-30/joao-mestieri-violencia-domestica-pena-criminal/,html,https://www.conjur.com.br/2022-nov-30/joao-mestieri-violencia-domestica-pena-criminal,www.conjur.com.br,False,text/html,html_readability,C
Artigo,Violência doméstica X direito à convivência familiar,https://www.mprj.mp.br/documents/20184/6380157/beatrice_marinho_paulomonica_jardim_rocha.pdf/,pdf,https://www.mprj.mp.br/documents/20184/6380157/beatrice_marinho_paulomonica_jardim_rocha.pdf,www.mprj.mp.br,True,application/pdf,pdf_text_pymupdf,B
Artigo,Vias de fato e violência sexista,https://portal.tjpe.jus.br/comunicacao/-/asset_publisher/ubhL04hQXv5n/content/artigo-vias-de-fato-e-violencia-sexista,html,https://portal.tjpe.jus.br/comunicacao/-/asset_publisher/ubhL04hQXv5n/content/artigo-vias-de-fato-e-violencia-sexista,portal.tjpe.jus.br,False,text/html,html_readability_law,B
Artigo,Vítimas de violência doméstica devem ser atendidas por policiais mulheres,https://www.mpgo.mp.br/portal/conteudo/vitimas-de-violencia-domestica-devem-ser-atendidas-por-policiais-mulheres,html,https://www.mpgo.mp.br/portal/conteudo/vitimas-de-violencia-domestica-devem-ser-atendidas-por-policiais-mulheres,www.mpgo.mp.br,False,text/html,html_readability,B
Artigo,Quais as atribuições da autoridade policial segundo a Lei Maria da Penha?,https://www.tjmg.jus.br/portal-tjmg/perguntas-frequentes/quais-as-atribuicoes-da-autoridade-policial-segundo-a-lei-maria-da-penha.htm,html,https://www.tjmg.jus.br/portal-tjmg/perguntas-frequentes/quais-as-atribuicoes-da-autoridade-policial-segundo-a-lei-maria-da-penha.htm,www.tjmg.jus.br,False,text/html,html_readability_law,B
Artigo,"Violência contra a mulher, polícia civil e políticas públicas",https://pepsic.bvsalud.org/scielo.php?script=sci_arttext&pid=S1809-89082018000400003,html,https://pepsic.bvsalud.org/scielo.php?script=sci_arttext&pid=S1809-89082018000400003,pepsic.bvsalud.org,False,text/html,html_readability,C
Artigo,VIOLÊNCIA DOMÉSTICA - Informações úteis PCSP,https://www.policiacivil.sp.gov.br/portal/imagens/Cartilha%20sobre%20Viol%C3%AAncia%20Dom%C3%A9stica%20-%20SSP-SP.pdf,pdf,https://www.policiacivil.sp.gov.br/portal/imagens/Cartilha%20sobre%20Viol%C3%AAncia%20Dom%C3%A9stica%20-%20SSP-SP.pdf,www.policiacivil.sp.gov.br,True,application/pdf,pdf_text_pymupdf,B
Artigo,Atendimento à Mulher pela Autoridade Policial,https://trilhante.com.br/curso/lei-maria-da-penha-2/aula/atendimento-a-mulher-pela-autoridade-policial-1?viewtype=pdf,pdf,https://trilhante.com.br/curso/lei-maria-da-penha-2/aula/atendimento-a-mulher-pela-autoridade-policial-1?viewtype=pdf,trilhante.com.br,True,application/pdf,pdf_text_pymupdf,C
Artigo,Aspectos Gerais da Lei Maria da Penha,https://trilhante.com.br/curso/lei-maria-da-penha-2/aula/aspectos-gerais-da-lei-maria-da-penha-4?viewtype=pdf,pdf,https://trilhante.com.br/curso/lei-maria-da-penha-2/aula/aspectos-gerais-da-lei-maria-da-penha-4?viewtype=pdf,trilhante.com.br,True,application/pdf,pdf_text_pymupdf,C
Artigo,Assistência à Mulher Vítima de Violência Doméstica,https://trilhante.com.br/curso/lei-maria-da-penha-2/aula/assistencia-a-mulher-vitima-de-violencia-domestica-1?viewtype=pdf,pdf,https://trilhante.com.br/curso/lei-maria-da-penha-2/aula/assistencia-a-mulher-vitima-de-violencia-domestica-1?viewtype=pdf,trilhante.com.br,True,application/pdf,pdf_text_pymupdf,C
Artigo,Juizado de Violência Doméstica e Familiar,https://trilhante.com.br/curso/lei-maria-da-penha-2/aula/juizado-de-violencia-domestica-e-familiar-1?viewtype=pdf,pdf,https://trilhante.com.br/curso/lei-maria-da-penha-2/aula/juizado-de-violencia-domestica-e-familiar-1?viewtype=pdf,trilhante.com.br,True,application/pdf,pdf_text_pymupdf,C
Artigo,Medidas Protetivas de Urgência,https://trilhante.com.br/curso/lei-maria-da-penha-2/aula/medidas-protetivas-de-urgencia-4?viewtype=pdf,pdf,https://trilhante.com.br/curso/lei-maria-da-penha-2/aula/medidas-protetivas-de-urgencia-4?viewtype=pdf,trilhante.com.br,True,application/pdf,pdf_text_pymupdf,C
Artigo,Prisão do Agressor e Lei 9.099/95,https://trilhante.com.br/curso/lei-maria-da-penha-2/aula/prisao-do-agressor-e-lei-9-099-95-1?viewtype=pdf,pdf,https://trilhante.com.br/curso/lei-maria-da-penha-2/aula/prisao-do-agressor-e-lei-9-099-95-1?viewtype=pdf,trilhante.com.br,True,application/pdf,pdf_text_pymupdf,C
Artigo,Apontamentos sobre as medidas protetivas de urgência previstas na Lei Maria da Penha,https://www.tjsp.jus.br/download/EPM/Publicacoes/CadernosJuridicos/38vd%2009.pdf,pdf,https://www.tjsp.jus.br/download/EPM/Publicacoes/CadernosJuridicos/38vd%2009.pdf,www.tjsp.jus.br,True,application/pdf,pdf_text_pymupdf,B
Artigo,A LEI MARIA DA PENHA E AS MEDIDAS PROTETIVAS DE URGÊNCIA,https://forumseguranca.org.br/wp-content/uploads/2022/11/dpj-folder-a-lei-maria-da-penha.pdf,pdf,https://forumseguranca.org.br/wp-content/uploads/2022/11/dpj-folder-a-lei-maria-da-penha.pdf,forumseguranca.org.br,True,application/pdf,pdf_text_pymupdf,C
Artigo,Medidas protetivas da Lei Maria da Penha devem ser aplicadas sem prazo determinado,https://www.stj.jus.br/sites/portalp/Paginas/Comunicacao/Noticias/2024/14112024-Medidas-protetivas-da-Lei-Maria-da-Penha-devem-ser-aplicadas-sem-prazo-determinado.aspx,html,https://www.stj.jus.br/sites/portalp/Paginas/Comunicacao/Noticias/2024/14112024-Medidas-protetivas-da-Lei-Maria-da-Penha-devem-ser-aplicadas-sem-prazo-determinado.aspx,www.stj.jus.br,False,text/html,html_readability_law,B
Artigo,"Medidas protetivas de urgência podem valer por prazo indeterminado, decide STJ",https://ibdfam.org.br/noticias/12409/Medidas+protetivas+de+urg%C3%AAncia+podem+valer+por+prazo+indeterminado%2C+decide+STJ,html,https://ibdfam.org.br/noticias/12409/Medidas+protetivas+de+urg%C3%AAncia+podem+valer+por+prazo+indeterminado%2C+decide+STJ,ibdfam.org.br,False,text/html,html_readability,C
Artigo,Vítima de violência doméstica pode recorrer contra decisão que revogou medidas protetivas de urgência,https://www.stj.jus.br/sites/portalp/Paginas/Comunicacao/Noticias/2025/07102025-Vitima-de-violencia-domestica-pode-recorrer-contra-decisao-que-revogou-medidas-protetivas-de-urgencia.aspx,html,https://www.stj.jus.br/sites/portalp/Paginas/Comunicacao/Noticias/2025/07102025-Vitima-de-violencia-domestica-pode-recorrer-contra-decisao-que-revogou-medidas-protetivas-de-urgencia.aspx,www.stj.jus.br,False,text/html,html_readability_law,B
Artigo,"Medida protetiva da Lei Maria da Penha não depende de inquérito, nem tem prazo fixo, decide STJ",https://www.conjur.com.br/2024-nov-16/medida-protetiva-da-lei-maria-da-penha-nao-depende-de-inquerito-nem-tem-prazo-fixo/,html,https://www.conjur.com.br/2024-nov-16/medida-protetiva-da-lei-maria-da-penha-nao-depende-de-inquerito-nem-tem-prazo-fixo,www.conjur.com.br,False,text/html,html_readability,C
Artigo,A vítima precisa provar a continuidade do risco na medida protetiva na Lei Maria da Penha?,https://cj.estrategia.com/portal/vitima-provar-continuidade-risco-medida-protetiva/,html,https://cj.estrategia.com/portal/vitima-provar-continuidade-risco-medida-protetiva,cj.estrategia.com,False,text/html,html_readability,C
Artigo,ROTEIRO PRÁTICO MEDIDA PROTETIVA DE URGÊNCIA,https://defensoria.sc.def.br/uploads/downloads/CECADEP__Roteiro_Pratico_MPU_6643b320a3a22_6654b715eb571.pdf,pdf,https://defensoria.sc.def.br/uploads/downloads/CECADEP__Roteiro_Pratico_MPU_6643b320a3a22_6654b715eb571.pdf,defensoria.sc.def.br,True,application/pdf,pdf_text_pymupdf,B
Artigo,Há a necessidade de crime para serem concedidas medidas protetivas?,https://www.migalhas.com.br/depeso/438995/ha-a-necessidade-de-crime-para-serem-concedidas-medidas-protetivas,html,https://www.migalhas.com.br/depeso/438995/ha-a-necessidade-de-crime-para-serem-concedidas-medidas-protetivas,www.migalhas.com.br,False,text/html,html_readability,C
Artigo,Manual de Rotinas Procedimentos em casos de Violência Doméstica e Familiar contra a Mulher,https://www.tjpa.jus.br/CMSPortal/VisualizarArquivo?idArquivo=953005,pdf,https://www.tjpa.jus.br/CMSPortal/VisualizarArquivo?idArquivo=953005,www.tjpa.jus.br,True,application/pdf,pdf_text_pymupdf,B
Artigo,Análise do pedido de Medidas Protetivas de Urgência dentro do prazo de 48 horas auxilia na proteção de mulheres vítimas de violência doméstica,https://coordenadoriadamulher.tjba.jus.br/coordenadoriadamulher/analise-do-pedido-de-medidas-protetivas-de-urgencia-dentro-do-prazo-de-48-horas-auxilia-na-protecao-de-mulheres-vitimas-de-violencia-domestica/,html,https://coordenadoriadamulher.tjba.jus.br/coordenadoriadamulher/analise-do-pedido-de-medidas-protetivas-de-urgencia-dentro-do-prazo-de-48-horas-auxilia-na-protecao-de-mulheres-vitimas-de-violencia-domestica,coordenadoriadamulher.tjba.jus.br,False,text/html,html_readability,B
Artigo,Natureza jurídica das medidas protetivas de urgência na Lei Maria da Penha,https://mpmt.mp.br/portalcao/news/723/130653/natureza-juridica-das-medidas-protetivas-de-urgencia-na-lei-maria-da-penha/2,html,https://mpmt.mp.br/portalcao/news/723/130653/natureza-juridica-das-medidas-protetivas-de-urgencia-na-lei-maria-da-penha/2,mpmt.mp.br,False,text/html,html_readability,B
Artigo,Quebre o ciclo: como solicitar medida protetiva de urgência?,https://www.tjmt.jus.br/noticias/2021/5/quebre-o-ciclo-como-solicitar-medida-protetiva-urgencia,html,https://www.tjmt.jus.br/noticias/2021/5/quebre-o-ciclo-como-solicitar-medida-protetiva-urgencia,www.tjmt.jus.br,False,text/html,html_readability_law,B
Artigo,Medias Protetivas Salvam Vidas MPBA,https://www.mpba.mp.br/sites/default/files/area/criminal/2025/medidas-protetivas-digital.pdf,pdf,https://www.mpba.mp.br/sites/default/files/area/criminal/2025/medidas-protetivas-digital.pdf,www.mpba.mp.br,True,application/pdf,pdf_text_pymupdf,B
Artigo,Medidas Protetivas de Urgência – questões,https://novogerenciador.tjma.jus.br/storage/portalweb/4_medidas_protetivas_de_urgoncia_natureza_hobrida_prazo_alimentos_e_descumprimento_16062020_1747.pdf,pdf,https://novogerenciador.tjma.jus.br/storage/portalweb/4_medidas_protetivas_de_urgoncia_natureza_hobrida_prazo_alimentos_e_descumprimento_16062020_1747.pdf,novogerenciador.tjma.jus.br,True,application/pdf,pdf_text_pymupdf,B
Artigo,Prisão do agressor pelo descumprimento de medidas protetivas de urgência da Lei Maria da Penha,https://www.conjur.com.br/2025-jul-31/prisao-do-agressor-pelo-descumprimento-de-medidas-protetivas-de-urgencia-da-lei-maria-da-penha/,html,https://www.conjur.com.br/2025-jul-31/prisao-do-agressor-pelo-descumprimento-de-medidas-protetivas-de-urgencia-da-lei-maria-da-penha,www.conjur.com.br,False,text/html,html_readability,C
Artigo,Consentimento da vítima e crime de descumprimento de medida protetiva,https://www.jota.info/opiniao-e-analise/colunas/direito-dos-grupos-vulneraveis/consentimento-da-vitima-e-crime-de-descumprimento-de-medida-protetiva,html,https://www.jota.info/opiniao-e-analise/colunas/direito-dos-grupos-vulneraveis/consentimento-da-vitima-e-crime-de-descumprimento-de-medida-protetiva,www.jota.info,False,text/html,html_readability,C
Artigo,Medida protetiva de urgência: Prós e contras,https://www.editorabonijuris.com.br/medida-protetiva-de-urgencia-pros-e-contras/,html,https://www.editorabonijuris.com.br/medida-protetiva-de-urgencia-pros-e-contras,www.editorabonijuris.com.br,False,text/html,html_readability,C
Artigo,Crime de Descumprimento de Medidas Protetivas de Urgência,https://www.tjdft.jus.br/institucional/imprensa/campanhas-e-produtos/direito-facil/edicao-semanal/crime-de-descumprimento-de-medidas-protetivas-de-urgencia,html,https://www.tjdft.jus.br/institucional/imprensa/campanhas-e-produtos/direito-facil/edicao-semanal/crime-de-descumprimento-de-medidas-protetivas-de-urgencia,www.tjdft.jus.br,False,text/html,html_readability_law,B
Artigo,Descumprimento de Medidas Protetivas e Suas Consequências no Âmbito da Lei Maria da Penha,https://www.jusbrasil.com.br/artigos/descumprimento-de-medidas-protetivas-e-suas-consequencias-no-ambito-da-lei-maria-da-penha/2715895549,html,https://www.jusbrasil.com.br/artigos/descumprimento-de-medidas-protetivas-e-suas-consequencias-no-ambito-da-lei-maria-da-penha/2715895549,www.jusbrasil.com.br,False,text/html,html_readability,C
Artigo,O novo crime de descumprimento de medidas protetivas de urgência: primeiras considerações,https://escola.mpu.mp.br/plataforma-aprender/acervo-educacional/conteudo/a-atuacao-do-mp-na-protecao-a-mulher-em-situacao-de-violencia-domestica-e-familiar-modulo-i-atuacao-preventiva/avila-2018-crime-de-descumprimento-de-mpu-1as-consideracoes.pdf,pdf,https://escola.mpu.mp.br/plataforma-aprender/acervo-educacional/conteudo/a-atuacao-do-mp-na-protecao-a-mulher-em-situacao-de-violencia-domestica-e-familiar-modulo-i-atuacao-preventiva/avila-2018-crime-de-descumprimento-de-mpu-1as-consideracoes.pdf,escola.mpu.mp.br,True,application/pdf,pdf_text_pymupdf,B
Artigo,Permissão da vítima para aproximação do réu afasta violação de medida protetiva da Lei Maria da Penha,https://www.stj.jus.br/sites/portalp/Paginas/Comunicacao/Noticias/2023/15092023-Permissao-da-vitima-para-aproximacao-do-reu-afasta-violacao-de-medida-protetiva-da-Lei-Maria-da-Penha.aspx,html,https://www.stj.jus.br/sites/portalp/Paginas/Comunicacao/Noticias/2023/15092023-Permissao-da-vitima-para-aproximacao-do-reu-afasta-violacao-de-medida-protetiva-da-Lei-Maria-da-Penha.aspx,www.stj.jus.br,False,text/html,html_readability_law,B
Artigo,ASPECTOS TEÓRICOS E PRÁTICOS DO CRIME DE DESCUMPRIMENTO DE MEDIDAS PROTETIVAS DE URGÊNCIA,https://site.mppr.mp.br/sites/hotsites/arquivos_restritos/files/migrados/File/TCCs/2022/Leonardo_Penna_Guedes_Amin-Aspectos_Teoricos_e_Praticos_do_Crime_de_Descumprimento_de_Medidas_Protetivas_de_Urgencia.pdf,pdf,https://site.mppr.mp.br/sites/hotsites/arquivos_restritos/files/migrados/File/TCCs/2022/Leonardo_Penna_Guedes_Amin-Aspectos_Teoricos_e_Praticos_do_Crime_de_Descumprimento_de_Medidas_Protetivas_de_Urgencia.pdf,site.mppr.mp.br,True,application/pdf,pdf_text_pymupdf,B
Artigo,O que fazer quando o agressor descumpre medidas protetivas?,https://www.cnj.jus.br/cnj-servico-o-que-fazer-quando-o-agressor-descumpre-medidas-protetivas/,html,https://www.cnj.jus.br/cnj-servico-o-que-fazer-quando-o-agressor-descumpre-medidas-protetivas,www.cnj.jus.br,False,text/html,html_readability,B
Artigo,Mulher que procura homem contra quem pediu medida protetiva comete crime?,https://www.conjur.com.br/2021-jun-01/opiniao-procurar-homem-quem-medida-protetiva-crime/,html,https://www.conjur.com.br/2021-jun-01/opiniao-procurar-homem-quem-medida-protetiva-crime,www.conjur.com.br,False,text/html,html_readability,C
Artigo,Representação Criminal na Lei Maria da Penha?,https://www.jusbrasil.com.br/artigos/representacao-criminal-na-lei-maria-da-penha/121940815,html,https://www.jusbrasil.com.br/artigos/representacao-criminal-na-lei-maria-da-penha/121940815,www.jusbrasil.com.br,False,text/html,html_readability,C
Artigo,Violência contra a mulher e crimes condicionados à representação da vítima,https://www.jota.info/opiniao-e-analise/colunas/direito-dos-grupos-vulneraveis/violencia-contra-a-mulher-e-crimes-condicionados-a-representacao-da-vitima,html,https://www.jota.info/opiniao-e-analise/colunas/direito-dos-grupos-vulneraveis/violencia-contra-a-mulher-e-crimes-condicionados-a-representacao-da-vitima,www.jota.info,False,text/html,html_readability,C
Artigo,Representação da vítima contra autor de violência doméstica não precisa ser confirmada em audiência,https://www.stj.jus.br/sites/portalp/Paginas/Comunicacao/Noticias/2023/09032023-Representacao-da-vitima-contra-autor-de-violencia-domestica-nao-precisa-ser-confirmada-em-audiencia.aspx,html,https://www.stj.jus.br/sites/portalp/Paginas/Comunicacao/Noticias/2023/09032023-Representacao-da-vitima-contra-autor-de-violencia-domestica-nao-precisa-ser-confirmada-em-audiencia.aspx,www.stj.jus.br,False,text/html,html_readability_law,B
Artigo,Crime de lesão corporal - violência doméstica - ação penal pública incondicionada,https://www.tjdft.jus.br/consultas/jurisprudencia/jurisprudencia-em-temas/lei-maria-da-penha-na-visao-do-tjdft/das-infracoes-penais/crime-de-lesao-corporal-acao-penal-publica-incondicionada,html,https://www.tjdft.jus.br/consultas/jurisprudencia/jurisprudencia-em-temas/lei-maria-da-penha-na-visao-do-tjdft/das-infracoes-penais/crime-de-lesao-corporal-acao-penal-publica-incondicionada,www.tjdft.jus.br,False,text/html,html_readability_law,B
Artigo,VIOLÊNCIA DOMÉSTICA E FAMILIAR CONTRA A MULHER: NECESSIDADE DE REPRESENTAÇÃO DA VÍTIMA EM CASO DE LESÃO CORPORAL LEVE E CULPOSA,https://assets-compromissoeatitude-ipg.sfo2.digitaloceanspaces.com/2014/02/Boletim-170_Amico.pdf,pdf,https://assets-compromissoeatitude-ipg.sfo2.digitaloceanspaces.com/2014/02/Boletim-170_Amico.pdf,assets-compromissoeatitude-ipg.sfo2.digitaloceanspaces.com,True,application/pdf,pdf_text_pymupdf,B
Artigo,É necessária a representação da vítima de violência doméstica para propositura de ação penal,http://p-web01.mp.rj.gov.br/Informativos/2_cao/2010/fevereiro/decicao_STJ.pdf,pdf,http://p-web01.mp.rj.gov.br/Informativos/2_cao/2010/fevereiro/decicao_STJ.pdf,p-web01.mp.rj.gov.br,True,application/pdf,pdf_text_pymupdf,B
Artigo,Investigação e a falta de representação da vítima na Lei Maria da Penha,https://www.conjur.com.br/2022-set-13/academia-policia-falta-representacao-vitima-lei-maria-penha/,html,https://www.conjur.com.br/2022-set-13/academia-policia-falta-representacao-vitima-lei-maria-penha,www.conjur.com.br,False,text/html,html_readability,C
Artigo,Lei Maria da Penha e a Jurisprudência atualizada,https://cj.estrategia.com/portal/lei-maria-da-penha-e-a-jurisprudencia-atualizada/,html,https://cj.estrategia.com/portal/lei-maria-da-penha-e-a-jurisprudencia-atualizada,cj.estrategia.com,False,text/html,html_readability,C
Artigo,Ação Penal em Casos de Violência Doméstica,https://www.direitopenalbrasileiro.com.br/violencia-domestica-tipo-de-acao-penal/,html,https://www.direitopenalbrasileiro.com.br/violencia-domestica-tipo-de-acao-penal,www.direitopenalbrasileiro.com.br,False,text/html,html_readability,C
Artigo,Comentários à Lei Maria da Penha,https://www.mpdft.mp.br/portal/index.php/conhecampdft-menu/nucleos-e-grupos/nucleo-de-genero/639-comentarios-a-lei-maria-da-penha,html,https://www.mpdft.mp.br/portal/index.php/conhecampdft-menu/nucleos-e-grupos/nucleo-de-genero/639-comentarios-a-lei-maria-da-penha,www.mpdft.mp.br,False,text/html,html_readability,B
Artigo,Diretrizes nacionais de investigação criminal com perspectiva de gênero,https://www.mpdft.mp.br/portal/pdf/nucleos/nucleo_genero/Diretrizes_Nacionais.pdf,pdf,https://www.mpdft.mp.br/portal/pdf/nucleos/nucleo_genero/Diretrizes_Nacionais.pdf,www.mpdft.mp.br,True,application/pdf,pdf_text_pymupdf,B
Artigo,DIRETRIZES DISTRITAIS DE INVESTIGAÇÃO CRIMINAL COM PERSPECTIVA DE GÊNERO,https://www.mpdft.mp.br/portal/pdf/nucleos/nucleo_genero/Diretrizes_Distritais_-_vers%C3%A3o_consolidada_2%C2%AArevis%C3%A3o.pdf,pdf,https://www.mpdft.mp.br/portal/pdf/nucleos/nucleo_genero/Diretrizes_Distritais_-_vers%C3%A3o_consolidada_2%C2%AArevis%C3%A3o.pdf,www.mpdft.mp.br,True,application/pdf,pdf_text_pymupdf,B
Artigo,Boas práticas para promotores violência doméstica,https://www.mpdft.mp.br/portal/pdf/nucleos/nucleo_genero/publicacoes/roteiro_boas_praticas_violencia_domestica.pdf,pdf,https://www.mpdft.mp.br/portal/pdf/nucleos/nucleo_genero/publicacoes/roteiro_boas_praticas_violencia_domestica.pdf,www.mpdft.mp.br,True,application/pdf,pdf_text_pymupdf,B
Artigo,GUIA DE AVALIAÇÃO DE RISCO PARA O SISTEMA DE JUSTIÇA,https://www.mpdft.mp.br/portal/pdf/Guia_de_Avaliacao_de_Risco_-_Final.pdf,pdf,https://www.mpdft.mp.br/portal/pdf/Guia_de_Avaliacao_de_Risco_-_Final.pdf,www.mpdft.mp.br,True,application/pdf,pdf_text_pymupdf,B
Artigo,DIRETIVAS RESULTANTES DA OFICINA SOBRE O NOVO CRIME DE STALKING E SUAS REPERCUSSÕES,https://www.mpdft.mp.br/portal/images/pdf/nucleos/nucleo_genero/publicacoes/Diretivas_Oficina_Lei_14132_21.pdf,pdf,https://www.mpdft.mp.br/portal/images/pdf/nucleos/nucleo_genero/publicacoes/Diretivas_Oficina_Lei_14132_21.pdf,www.mpdft.mp.br,True,application/pdf,pdf_text_pymupdf,B
Artigo,Enfrentamento a Violência doméstica e famliar uma construção coletiva,https://www.mpdft.mp.br/portal/pdf/nucleos/pro_mulher/o_enfrentamento_a_violencia_domestica_e_familiar_contra_a_mulher.pdf,pdf,https://www.mpdft.mp.br/portal/pdf/nucleos/pro_mulher/o_enfrentamento_a_violencia_domestica_e_familiar_contra_a_mulher.pdf,www.mpdft.mp.br,True,application/pdf,pdf_text_pymupdf,B
Artigo,ANÁLISE DA RELAÇÃO SISTEMA DE JUSTIÇA CRIMINAL E VIOLÊNCIA DOMÉSTICA CONTRA A MULHER,https://www.mpdft.mp.br/portal/pdf/nucleos/nucleo_genero/publicacoes/Analise_relacao_sistema_justica_criminal_violencia_domestica_ESMPU.pdf,pdf,https://www.mpdft.mp.br/portal/pdf/nucleos/nucleo_genero/publicacoes/Analise_relacao_sistema_justica_criminal_violencia_domestica_ESMPU.pdf,www.mpdft.mp.br,True,application/pdf,pdf_text_pymupdf,B
Artigo,LEI Nº 14.0994/2024 PACOTE ANTIFEMINICÍDIO,https://api.tjsp.jus.br/Handlers/Handler/FileFetch.ashx?codigo=162719,pdf,https://api.tjsp.jus.br/Handlers/Handler/FileFetch.ashx?codigo=162719,api.tjsp.jus.br,True,application/pdf,pdf_text_pymupdf,B
Artigo,Diretrizes nacionais para atendimento policial militar às mulheres em situação de violência doméstica e familiar,https://www.gov.br/mj/pt-br/centrais-de-conteudo/publicacoes/categorias-de-publicacoes/manuais/diretrizes_nacionais_para_o_atendimento_policial_militar_as_mulheres_21_junho_2022-versao-final-1.pdf,pdf,https://www.gov.br/mj/pt-br/centrais-de-conteudo/publicacoes/categorias-de-publicacoes/manuais/diretrizes_nacionais_para_o_atendimento_policial_militar_as_mulheres_21_junho_2022-versao-final-1.pdf,www.gov.br,True,application/pdf,pdf_text_pymupdf,B
Artigo,A Utilização do Inquérito Policial Eletrônico como Ferramenta para Efetivar a Investigação dos Crimes Envolvendo Violência Doméstica e Familiar Contra as Mulheres,https://revistaconsinter.com/index.php/ojs/0505,html,https://revistaconsinter.com/index.php/ojs/0505,revistaconsinter.com,False,text/html,html_readability,C
Artigo,Atuação policial no contexto da violência doméstica e familiar contra a mulher: possibilidades e limites,https://revistas.editora.ufcg.edu.br/index.php/jmsi/article/view/841/751,pdf,https://revistas.editora.ufcg.edu.br/index.php/jmsi/article/view/841/751,revistas.editora.ufcg.edu.br,True,application/pdf,pdf_text_pymupdf,C
Artigo,Procedimento Operacional Padrão para o atendimento à mulher vítima de violência doméstica,https://legis.policiacivil.pe.gov.br/b/api/files/373aad864b283ab54dd8ceef0126c426.pdf,pdf,https://legis.policiacivil.pe.gov.br/b/api/files/373aad864b283ab54dd8ceef0126c426.pdf,legis.policiacivil.pe.gov.br,True,application/pdf,pdf_text_pymupdf,B
Artigo,Procedimento para atendimento emergencial de vítimas de violência doméstica/familiar e sexual,https://pc.es.gov.br/Media/PCES/Legisla%C3%A7%C3%A3o/NP%20012-Atendimento%20emergencial%20a%20mulher%20em%20situa%C3%A7%C3%A3o%20de%20Viol%C3%AAncia%20-%20Salas%20Marias%2029-01-2025%20link%20certo.pdf,pdf,https://pc.es.gov.br/Media/PCES/Legisla%C3%A7%C3%A3o/NP%20012-Atendimento%20emergencial%20a%20mulher%20em%20situa%C3%A7%C3%A3o%20de%20Viol%C3%AAncia%20-%20Salas%20Marias%2029-01-2025%20link%20certo.pdf,pc.es.gov.br,True,application/pdf,pdf_text_pymupdf,B
Artigo,Do atendimento da autoridade policial,https://assets-compromissoeatitude-ipg.sfo2.digitaloceanspaces.com/2014/02/2_artigo-10-11-e-12.pdf,pdf,https://assets-compromissoeatitude-ipg.sfo2.digitaloceanspaces.com/2014/02/2_artigo-10-11-e-12.pdf,assets-compromissoeatitude-ipg.sfo2.digitaloceanspaces.com,True,application/pdf,pdf_text_pymupdf,B
Jurisprudência,VIOLÊNCIA CONTRA A MULHER – LESÕES CORPORAIS LEVES – AÇÃO – NATUREZA – PRECEDENTES DO PLENÁRIO – AGRAVO E RECURSO EXTRAORDINÁRIO PROVIDOS – REPERCUSSÃO GERAL ESVAZIADA.,https://portal.stf.jus.br/jurisprudenciaRepercussao/verPronunciamento.asp?pronunciamento=4890401,html,https://portal.stf.jus.br/jurisprudenciaRepercussao/verPronunciamento.asp?pronunciamento=4890401,portal.stf.jus.br,False,text/html,html_readability_law,B
Jurisprudência,VIOLÊNCIA DOMÉSTICA E FAMILIAR CONTRA MULHER,https://www.stj.jus.br/internet_docs/jurisprudencia/jurisprudenciaemteses/Jurisprud%C3%AAncia%20em%20teses%2041%20-%20Lei%20Maria%20da%20Penha.pdf,pdf,https://www.stj.jus.br/internet_docs/jurisprudencia/jurisprudenciaemteses/Jurisprud%C3%AAncia%20em%20teses%2041%20-%20Lei%20Maria%20da%20Penha.pdf,www.stj.jus.br,True,application/pdf,pdf_text_pymupdf,B
Jurisprudência,Violência doméstica: 15 interpretações que reforçaram a proteção da mulher em 15 anos da Lei Maria da Penha,https://www.stj.jus.br/sites/portalp/Paginas/Comunicacao/Noticias/08082021-Violencia-domestica-15-interpretacoes-que-reforcaram-a-protecao-da-mulher-em-15-anos-da-Lei-Maria-da-Penha.aspx,html,https://www.stj.jus.br/sites/portalp/Paginas/Comunicacao/Noticias/08082021-Violencia-domestica-15-interpretacoes-que-reforcaram-a-protecao-da-mulher-em-15-anos-da-Lei-Maria-da-Penha.aspx,www.stj.jus.br,False,text/html,html_readability_law,B
Jurisprudência,Repetitivo define que Lei Maria da Penha prevalece sobre o ECA quando a vítima é mulher,https://www.stj.jus.br/sites/portalp/Paginas/Comunicacao/Noticias/2025/14022025-Repetitivo-define-que-Lei-Maria-da-Penha-prevalece-sobre-o-ECA-quando-a-vitima-e-mulher.aspx,html,https://www.stj.jus.br/sites/portalp/Paginas/Comunicacao/Noticias/2025/14022025-Repetitivo-define-que-Lei-Maria-da-Penha-prevalece-sobre-o-ECA-quando-a-vitima-e-mulher.aspx,www.stj.jus.br,False,text/html,html_readability_law,B
Jurisprudência,Terceira Seção fixa teses sobre agravante nas contravenções em casos de violência doméstica,https://www.stj.jus.br/sites/portalp/Paginas/Comunicacao/Noticias/2025/09092025-Terceira-Secao-fixa-teses-sobre-agravante-nas-contravencoes-em-casos-de-violencia-domestica.aspx,html,https://www.stj.jus.br/sites/portalp/Paginas/Comunicacao/Noticias/2025/09092025-Terceira-Secao-fixa-teses-sobre-agravante-nas-contravencoes-em-casos-de-violencia-domestica.aspx,www.stj.jus.br,False,text/html,html_readability_law,B
Jurisprudência,Decisão do STF e o direito penal do inimigo na Lei Maria da Penha,https://www.conjur.com.br/2024-jun-02/decisao-do-stf-e-o-direito-penal-do-inimigo-na-lei-maria-da-penha/,html,https://www.conjur.com.br/2024-jun-02/decisao-do-stf-e-o-direito-penal-do-inimigo-na-lei-maria-da-penha,www.conjur.com.br,False,text/html,html_readability,C
Artigo,STF amplia proteção da Lei Maria da Penha a casais homoafetivos,https://noticias.stf.jus.br/postsnoticias/stf-amplia-protecao-da-lei-maria-da-penha-a-casais-homoafetivos-do-sexo-masculino-travestis-e-transexuais/,html,https://noticias.stf.jus.br/postsnoticias/stf-amplia-protecao-da-lei-maria-da-penha-a-casais-homoafetivos-do-sexo-masculino-travestis-e-transexuais,noticias.stf.jus.br,False,text/html,html_readability_law,B
Artigo,STF decide que Lei Maria da Penha se estende a casais homoafetivos formados por homens,https://ibdfam.org.br/noticias/12666/STF+decide+que+Lei+Maria+da+Penha+se+estende+a+casais+homoafetivos+formados+por+homens,html,https://ibdfam.org.br/noticias/12666/STF+decide+que+Lei+Maria+da+Penha+se+estende+a+casais+homoafetivos+formados+por+homens,ibdfam.org.br,False,text/html,html_readability,C
Artigo,Transexual feminina - sujeito passivo da violência doméstica,https://www.tjdft.jus.br/consultas/jurisprudencia/jurisprudencia-em-temas/lei-maria-da-penha-na-visao-do-tjdft/da-violencia-domestica-e-familiar-contra-a-mulher/transexual-feminina-como-sujeito-passivo,html,https://www.tjdft.jus.br/consultas/jurisprudencia/jurisprudencia-em-temas/lei-maria-da-penha-na-visao-do-tjdft/da-violencia-domestica-e-familiar-contra-a-mulher/transexual-feminina-como-sujeito-passivo,www.tjdft.jus.br,False,text/html,html_readability_law,B
Artigo,"Lei Maria da Penha é aplicável à violência contra mulher trans, decide Sexta Turma",https://www.mpgo.mp.br/boletimdompgo/2022/05-mai/subjur/todos_subjur/noticias/lei-maria-da-penha-e-aplicavel-a-violencia-contra-mulher-trans-decide-sexta-turma.html,html,https://www.mpgo.mp.br/boletimdompgo/2022/05-mai/subjur/todos_subjur/noticias/lei-maria-da-penha-e-aplicavel-a-violencia-contra-mulher-trans-decide-sexta-turma.html,www.mpgo.mp.br,False,text/html,html_readability,B
Artigo,Juiz decide que homem transgênero tem direito a medidas protetivas da Lei Maria da Penha,https://www.tjdft.jus.br/institucional/imprensa/noticias/2023/agosto/juiz-decide-que-homem-transgenero-tem-direito-a-medidas-protetivas-da-lei-maria-da-penha,html,https://www.tjdft.jus.br/institucional/imprensa/noticias/2023/agosto/juiz-decide-que-homem-transgenero-tem-direito-a-medidas-protetivas-da-lei-maria-da-penha,www.tjdft.jus.br,False,text/html,html_readability_law,B
Artigo,ATO INFRACIONAL E LEI MARIA DA PENHA,https://www.amprs.com.br/arquivos/revista_artigo/arquivo_1342123626.pdf,pdf,https://www.amprs.com.br/arquivos/revista_artigo/arquivo_1342123626.pdf,www.amprs.com.br,True,application/pdf,pdf_text_pymupdf,B
Artigo,A idade da vítima é irrelevante para afastar a competência da vara especializada em violência doméstica,https://buscadordizerodireito.com.br/jurisprudencia/13468/a-idade-da-vitima-e-irrelevante-para-afastar-a-competencia-da-vara-especializada-em-violencia-domestica-e-familiar-contra-a-mulher-e-as-normas-protetivas-da-lei-maria-da-penha,html,https://buscadordizerodireito.com.br/jurisprudencia/13468/a-idade-da-vitima-e-irrelevante-para-afastar-a-competencia-da-vara-especializada-em-violencia-domestica-e-familiar-contra-a-mulher-e-as-normas-protetivas-da-lei-maria-da-penha,buscadordizerodireito.com.br,False,text/html,html_readability,C
Artigo,As múltiplas mulheres representadas na jurisprudência do Tribunal da Cidadania,https://www.stj.jus.br/sites/portalp/Paginas/Comunicacao/Noticias/2025/09032025-As-multiplas-mulheres-representadas-na-jurisprudencia-do-STJ.aspx,html,https://www.stj.jus.br/sites/portalp/Paginas/Comunicacao/Noticias/2025/09032025-As-multiplas-mulheres-representadas-na-jurisprudencia-do-STJ.aspx,www.stj.jus.br,False,text/html,html_readability_law,B
Artigo,Medidas protetivas podem ser aplicadas contra adolescente filho da vítima?,https://www.adepolpr.org/artigos/medidas-protetivas-podem-ser-aplicadas-contra-adolescente-filho-da-vitima/, html,https://www.adepolpr.org/artigos/medidas-protetivas-podem-ser-aplicadas-contra-adolescente-filho-da-vitima/,www.adepolpr.org,False,text/html,html_readability,C